txn_id,posted_date,amount,running_balance,txn_type,description,check_number,account
BK00001,2026-01-01,-4100.0,845900.0,ACH_DEBIT,ACH DEBIT HARBOR INS PPD 669863085,,Operating ****0042
BK00002,2026-01-01,-24500.0,821400.0,ACH_DEBIT,ACH DEBIT PINECREST PROP PPD 559123743,,Operating ****0042
BK00003,2026-01-15,-140881.41,680518.59,ACH_DEBIT,ADP PAYROLL 4652290 TAX/NET,,Operating ****0042
BK00004,2026-01-19,-3200.0,677318.59,ACH_DEBIT,ACH DEBIT VANTAGE SW ID:VS-102,,Operating ****0042
BK00005,2026-01-19,-6351.58,670967.01,ACH_DEBIT,ACH DEBIT NORTHSTAR STAF ID:NSS-102,,Operating ****0042
BK00006,2026-01-29,-17699.37,653267.64,WIRE_OUT,WIRE OUT CLOUDNIMBUS INC BNF ACCT ****4410 REF 371764,,Operating ****0042
BK00007,2026-01-30,287.44,653555.08,INTEREST,INTEREST PAYMENT,,Operating ****0042
BK00008,2026-01-30,-45.0,653510.08,FEE,MONTHLY SERVICE FEE ANALYSIS,,Operating ****0042
BK00009,2026-01-30,-143729.95,509780.13,ACH_DEBIT,ADP PAYROLL 9666030 TAX/NET,,Operating ****0042
BK00010,2026-02-02,33246.27,543026.4,ACH_CREDIT,ACH CREDIT TIDEWATER FOODS TRN 4178552,,Operating ****0042
BK00011,2026-02-02,26344.47,569370.87,ACH_CREDIT,ACH CREDIT BLUEWATER MARINE INV AR-1046,,Operating ****0042
BK00012,2026-02-02,-4100.0,565270.87,ACH_DEBIT,ACH DEBIT HARBOR INS ID:HIC-105,,Operating ****0042
BK00013,2026-02-02,-24500.0,540770.87,ACH_DEBIT,ACH DEBIT PINECREST PROP ID:PCP-105,,Operating ****0042
BK00014,2026-02-04,-1823.32,538947.55,CHECK,CHECK 1023,1023,Operating ****0042
BK00015,2026-02-05,45765.42,584712.97,ACH_CREDIT,ACH CREDIT LUMEN ANALYTICS INV AR-1052,,Operating ****0042
BK00016,2026-02-06,41806.23,626519.2,ACH_CREDIT,ACH CREDIT REDWOOD HEALTH TRN 4857765,,Operating ****0042
BK00017,2026-02-06,15316.66,641835.86,ACH_CREDIT,ACH CREDIT ORBIT RETAIL TRN 4326756,,Operating ****0042
BK00018,2026-02-09,51136.9,692972.76,ACH_CREDIT,ACH CREDIT APEX MFG TRN 4731386,,Operating ****0042
BK00019,2026-02-11,-9750.0,683222.76,ACH_DEBIT,ACH DEBIT SUMMIT CONSULT PPD 650037437,,Operating ****0042
BK00020,2026-02-11,-31270.12,651952.64,ACH_DEBIT,ACH DEBIT ACME SUPPLY ID:ACM-104,,Operating ****0042
BK00021,2026-02-12,-4127.72,647824.92,CHECK,CHECK 1021,1021,Operating ****0042
BK00022,2026-02-13,-144370.19,503454.73,ACH_DEBIT,ADP PAYROLL 6229033 TAX/NET,,Operating ****0042
BK00023,2026-02-16,-11530.19,491924.54,ACH_DEBIT,ACH DEBIT BRIGHTLINE LOG ID:INV-7701,,Operating ****0042
BK00024,2026-02-18,67484.3,559408.84,ACH_CREDIT,ACH CREDIT GRANITE RIDGE TRN 1239161,,Operating ****0042
BK00025,2026-02-23,60049.71,619458.55,ACH_CREDIT,ACH CREDIT STRATOS AERO TRN 2108141,,Operating ****0042
BK00026,2026-02-23,-2149.09,617309.46,CHECK,CHECK 1025,1025,Operating ****0042
BK00027,2026-02-23,-17462.61,599846.85,WIRE_OUT,WIRE OUT CLOUDNIMBUS INC BNF ACCT ****4410 REF 739906,,Operating ****0042
BK00028,2026-02-27,301.9,600148.75,INTEREST,INTEREST PAYMENT,,Operating ****0042
BK00029,2026-02-27,-45.0,600103.75,FEE,MONTHLY SERVICE FEE ANALYSIS,,Operating ****0042
BK00030,2026-02-27,-9701.76,590401.99,ACH_DEBIT,ACH DEBIT NORTHSTAR STAF ID:NSS-106,,Operating ****0042
BK00031,2026-02-27,-145846.88,444555.11,ACH_DEBIT,ADP PAYROLL 5858495 TAX/NET,,Operating ****0042
BK00032,2026-03-02,41702.31,486257.42,ACH_CREDIT,ACH CREDIT APEX MFG INV AR-1031,,Operating ****0042
BK00033,2026-03-02,30746.44,517003.86,ACH_CREDIT,ACH CREDIT BLUEWATER MARINE TRN 2524238,,Operating ****0042
BK00034,2026-03-02,-3200.0,513803.86,ACH_DEBIT,ACH DEBIT VANTAGE SW ID:VS-105,,Operating ****0042
BK00035,2026-03-02,-4100.0,509703.86,ACH_DEBIT,ACH DEBIT HARBOR INS PPD 645194407,,Operating ****0042
BK00036,2026-03-02,-24500.0,485203.86,ACH_DEBIT,ACH DEBIT PINECREST PROP ID:PCP-109,,Operating ****0042
BK00037,2026-03-05,-12400.0,472803.86,ACH_DEBIT,ACH DEBIT BRIGHTLINE LOG ID:INV-7781,,Operating ****0042
BK00038,2026-03-11,33373.93,506177.79,ACH_CREDIT,ACH CREDIT REDWOOD HEALTH TRN 1851952,,Operating ****0042
BK00039,2026-03-11,-19269.98,486907.81,ACH_DEBIT,ACH DEBIT ACME SUPPLY ID:ACM-108,,Operating ****0042
BK00040,2026-03-12,35697.13,522604.94,ACH_CREDIT,ACH CREDIT TIDEWATER FOODS TRN 7594889,,Operating ****0042
BK00041,2026-03-12,-12400.0,510204.94,ACH_DEBIT,ACH DEBIT BRIGHTLINE LOG ID:INV7781,,Operating ****0042
BK00042,2026-03-13,-145957.77,364247.17,ACH_DEBIT,ADP PAYROLL 4535107 TAX/NET,,Operating ****0042
BK00043,2026-03-16,18000.0,382247.17,ACH_CREDIT,ACH CREDIT ORBIT RETAIL GRP SHORTPAY REF AR-1044,,Operating ****0042
BK00044,2026-03-18,58339.68,440586.85,ACH_CREDIT,ACH CREDIT HELIOS MED SYS REMIT 88213,,Operating ****0042
BK00045,2026-03-19,64381.72,504968.57,ACH_CREDIT,ACH CREDIT GRANITE RIDGE TRN 7390135,,Operating ****0042
BK00046,2026-03-19,-4576.48,500392.09,CHECK,CHECK 1022,1022,Operating ****0042
BK00047,2026-03-19,-9480.98,490911.11,ACH_DEBIT,ACH DEBIT NORTHSTAR STAF ID:NSS-109,,Operating ****0042
BK00048,2026-03-20,-1802.11,489109.0,CHECK,CHECK 1024,1024,Operating ****0042
BK00049,2026-03-20,-8712.0,480397.0,WIRE_OUT,WIRE OUT BAUER PRAEZISION BNF ACCT DE89****3000 REF 175931,,Operating ****0042
BK00050,2026-03-23,63782.9,544179.9,ACH_CREDIT,ACH CREDIT STRATOS AERO TRN 4871109,,Operating ****0042
BK00051,2026-03-23,-16880.0,527299.9,WIRE_OUT,WIRE OUT CLOUDNIMBUS INC BNF ACCT ****9921 REF 473937,,Operating ****0042
BK00052,2026-03-24,-3200.0,524099.9,ACH_DEBIT,ACH DEBIT VANTAGE SW ID:VS-107,,Operating ****0042
BK00053,2026-03-31,312.18,524412.08,INTEREST,INTEREST PAYMENT,,Operating ****0042
BK00054,2026-03-31,-45.0,524367.08,FEE,MONTHLY SERVICE FEE ANALYSIS,,Operating ****0042
BK00055,2026-03-31,-139522.29,384844.79,ACH_DEBIT,ADP PAYROLL 9792363 TAX/NET,,Operating ****0042
